"7d. U.S. Regional Electricity Generation, Electric Power Sector",,,,,,,,,,,,,,,,,,,,,,,,,,,,,,,,,,,,,,,,
https://www.eia.gov/outlooks/steo/data/browser/#/?v=22,,,,,,,,,,,,,,,,,,,,,,,,,,,,,,,,,,,,,,,,
Fri Oct 06 2023 21:29:10 GMT-0400 (Eastern Daylight Time),,,,,,,,,,,,,,,,,,,,,,,,,,,,,,,,,,,,,,,,
Source: U.S. Energy Information Administration,,,,,,,,,,,,,,,,,,,,,,,,,,,,,,,,,,,,,,,,
remove,,map,linechart,units,source key,1990,1991,1992,1993,1994,1995,1996,1997,1998,1999,2000,2001,2002,2003,2004,2005,2006,2007,2008,2009,2010,2011,2012,2013,2014,2015,2016,2017,2018,2019,2020,2021,2022,2023,2024
"7d. U.S. Regional Electricity Generation, Electric Power Sector","7d. U.S. Regional Electricity Generation, Electric Power Sector",0,0,,,,,,,,,,,,,,,,,,,,,,,,,,,,,,,,,,,,,
United States,United States,0,0,,,,,,,,,,,,,,,,,,,,,,,,,,,,,,,,,,,,,
Natural gas,Electric power sector generation by natural gas: U.S. total,1,1,billion kilowatthours,NGEPGEN_US,309.49,317.77,334.27,342.22,385.69,419.18,378.76,399.6,449.29,473,517.98,554.94,607.68,567.3,627.17,683.83,734.42,814.75,802.37,841.01,901.39,926.29,1132.79,1028.95,1033.2,1238.84,1280.34,1198.01,1368.53,1479.86,1522.3,1476.6,1586.17,1703.06,1653.12
Coal,Electric power sector generation by coal: U.S. total,1,1,billion kilowatthours,CLEPGEN_US,1572.11,1568.85,1597.71,1665.46,1666.28,1686.06,1771.97,1820.76,1850.19,1858.62,1943.11,1882.83,1910.61,1952.71,1957.19,1992.05,1969.74,1998.39,1968.84,1741.12,1827.74,1717.89,1500.56,1567.72,1568.77,1340.99,1229.66,1197.84,1142.17,958.73,767.7,892.44,823.41,636.65,605.38
Nuclear,Electric power sector generation by nuclear: U.S. total,1,1,billion kilowatthours,NUEPGEN_US,576.86,612.57,618.78,610.29,640.44,673.4,674.73,628.64,673.7,728.25,753.89,768.83,780.06,763.73,788.53,781.99,787.22,806.42,806.21,798.85,806.97,790.2,769.33,789.02,797.17,797.18,805.69,804.95,807.08,809.41,789.88,779.64,771.54,776.99,794.73
Renewable energy sources,Electric power sector generation by renewables: U.S. total,1,1,billion kilowatthours,RTEPGEN_US,--,--,--,--,--,--,--,--,--,--,--,--,--,--,--,--,--,--,--,--,397.34,481.42,461.94,486.52,505.35,510.94,576.04,653.16,673.74,696.66,752,785.04,883.1,889.63,1016.44
Conventional hydropower,Electric power sector generation by conventional hydropower: U.S. total,1,1,billion kilowatthours,HVEPGEN_US,289.75,286.02,250.02,277.52,254,305.41,341.16,350.65,317.87,314.66,271.34,213.75,260.49,271.51,265.06,267.04,286.25,245.84,253.1,271.51,258.45,317.53,273.86,265.06,258.05,247.64,266.33,298.71,291.15,286.65,284.06,250.39,260.84,244.94,280.52
Wind,Electric power sector generation by wind: U.S. total,1,1,billion kilowatthours,WNEPGEN_US,2.79,2.95,2.89,3.01,3.45,3.16,3.23,3.29,3.03,4.49,5.59,6.74,10.35,11.19,14.14,17.81,26.59,34.45,55.36,73.89,94.64,120.12,140.75,167.74,181.5,190.55,226.79,254.07,272.4,295.6,337.15,377.92,434.51,437.13,460.7
Solar ,Electric power sector generation by solar: U.S. total,1,1,billion kilowatthours,SOEPGEN_US,0.37,0.47,0.4,0.46,0.49,0.5,0.52,0.51,0.5,0.5,0.49,0.54,0.55,0.53,0.58,0.55,0.51,0.61,0.86,0.89,1.21,1.73,4.16,8.72,17.3,24.46,35.5,52.72,63.25,71.26,88.51,114.52,144.61,167.69,235.17
Geothermal,Electric power sector generation by geothermal: U.S. total,1,1,billion kilowatthours,GEEPGEN_US,15.43,15.97,16.14,16.79,15.54,13.38,14.33,14.73,14.77,14.83,14.09,13.74,14.49,14.42,14.81,14.69,14.57,14.64,14.84,15.01,15.22,15.32,15.56,15.77,15.88,15.92,15.83,15.93,15.93,15.03,15.44,15.47,16.46,15.97,15.25
Waste biomass,Electric power sector generation by waste biomass: U.S. total,1,1,billion kilowatthours,OWEPGEN_US,11.5,13.85,15.92,16.22,16.98,17.99,17.82,18.48,19.23,19.49,20.31,12.94,13.15,13.81,13.06,13.03,13.93,14.29,15.38,15.95,16.38,15.99,16.56,16.92,17.6,17.82,18.18,18.08,17.62,16.09,15.63,14.83,14.06,12.86,13.04
Wood biomass,Electric power sector generation by wood biomass: U.S. total,1,1,billion kilowatthours,WWEPGEN_US,7.03,7.74,8.49,9.15,9.23,7.6,8.39,8.68,8.61,8.96,8.92,8.29,9.01,9.53,9.74,10.57,10.34,10.71,10.64,10.74,11.45,10.73,11.05,12.3,15.03,14.56,13.42,13.64,13.38,12.02,11.21,11.9,12.62,11.03,11.77
Pumped storage hydropower,Electric power sector generation by pumped storage hydropower: U.S. total,1,1,billion kilowatthours,HPEPGEN_US,-3.51,-4.54,-4.18,-4.04,-3.38,-2.73,-3.09,-4.04,-4.47,-6.1,-5.54,-8.82,-8.74,-8.54,-8.49,-6.56,-6.56,-6.9,-6.29,-4.63,-5.5,-6.42,-4.95,-4.68,-6.17,-5.09,-6.69,-6.49,-5.9,-5.26,-5.32,-5.11,-6.03,-6.09,-6.54
Petroleum ,Electric power sector generation by petroleum: U.S. total,1,1,billion kilowatthours,PAEPGEN_US,--,--,--,--,--,--,--,--,--,--,--,--,--,--,--,--,--,--,--,--,34.68,28.2,20.07,24.51,28.04,26.51,22.71,20.04,23.93,17.22,16.33,18.31,22.43,16.99,18.51
Other gases,Electric power sector generation by other gases: U.S. total,1,1,billion kilowatthours,OGEPGEN_US,0.62,0.72,1.21,0.97,1.09,1.93,1.34,1.53,2.31,1.61,2.03,0.59,1.97,2.65,3.57,3.78,4.25,4.04,3.2,3.06,2.97,2.94,2.98,4.32,3.36,3.72,3.91,4.13,4.09,4.04,3.17,3.3,3.45,3.19,3.32
Other nonrenewable fuels,Electric power sector generation by other nonrenewable fuels: U.S. total,1,1,billion kilowatthours,OBEPGEN_US,--,--,--,--,--,--,--,--,--,--,--,6.54,9.09,8.61,8.32,6.93,7.11,6.78,6.96,6.63,6.81,7.66,7.63,7.36,7.24,7.32,7.3,6.99,7.24,7.69,7.59,6.96,6.21,5.38,3.97
Total net generation,Total Electric Power Sector Net Generation: U.S. Total,1,1,billion kilowatthours,TOEPGEN_US,2901.32,2935.56,2934.37,3043.9,3088.73,3194.23,3284.14,3329.38,3457.42,3529.98,3637.53,3580.05,3698.46,3721.16,3808.36,3902.19,3908.08,4005.34,3974.35,3809.84,3972.39,3948.19,3890.36,3903.72,3936.96,3920.41,3918.98,3878.63,4020.88,3968.35,3853.66,3957.62,4090.28,4025.79,4088.93
New England (ISO-NE),New England (ISO-NE),0,0,,,,,,,,,,,,,,,,,,,,,,,,,,,,,,,,,,,,,
Natural gas,Electric power sector generation by natural gas: New England (ISO-NE),1,1,billion kilowatthours,NGEPGEN_NE,--,--,--,--,--,--,--,--,--,--,--,--,--,--,--,--,--,--,--,--,55.11,60.12,59.1,48.57,45.33,51.94,51.6,48.8,49.02,46.65,49.1,53.43,53.43,52.95,51.02
Coal,Electric power sector generation by coal: New England (ISO-NE),1,1,billion kilowatthours,CLEPGEN_NE,--,--,--,--,--,--,--,--,--,--,--,--,--,--,--,--,--,--,--,--,14.02,6.8,4.06,6.11,4.96,3.84,2.53,1.68,1.05,0.46,0.16,0.58,0.35,0.54,0.9
Nuclear,Electric power sector generation by nuclear: New England (ISO-NE),1,1,billion kilowatthours,NUEPGEN_NE,--,--,--,--,--,--,--,--,--,--,--,--,--,--,--,--,--,--,--,--,38.36,34.28,36.12,37.18,36.84,31.89,32.75,31.54,31.38,29.82,25.58,27.07,27.39,23.73,27.07
Conventional hydropower,Electric power sector generation by conventional hydropower: New England (ISO-NE),1,1,billion kilowatthours,HVEPGEN_NE,--,--,--,--,--,--,--,--,--,--,--,--,--,--,--,--,--,--,--,--,7.29,7.95,6.92,7.23,7.12,6.5,5.84,7.09,7.47,7.6,6.61,6.18,5.47,5.44,7.08
Nonhydro renewables ,Electric power sector generation by non-hydropower renewables,1,1,billion kilowatthours,RNEPGEN_NE,--,--,--,--,--,--,--,--,--,--,--,--,--,--,--,--,--,--,--,--,6.34,5.93,6.32,7.17,8.11,8.82,9.34,10.13,10.12,9.77,10.15,10.72,12.36,12.14,13.58
Other energy sources ,Electric power sector generation by other energy sources: New England (ISO-NE),1,1,billion kilowatthours,XXEPGEN_NE,--,--,--,--,--,--,--,--,--,--,--,--,--,--,--,--,--,--,--,--,2.32,1.95,1.96,2.45,3.28,3.07,1.8,1.85,2.26,1.41,1.43,1.44,2.82,1.5,1.85
Total generation,Total electric power sector net generation: New England (ISO-NE),1,1,billion kilowatthours,TOEPGEN_NE,--,--,--,--,--,--,--,--,--,--,--,--,--,--,--,--,--,--,--,--,123.45,117.03,114.49,108.72,105.65,106.06,103.86,101.09,101.29,95.71,93.02,99.42,101.82,96.31,101.5
Net energy for load ,Net energy for load: New England (ISO-NE),1,1,billion kilowatthours,ELLOAD_NE,--,--,--,--,--,--,--,--,--,--,--,--,--,--,--,--,--,--,--,--,130.77,129.16,128.08,129.38,127.18,126.93,124.43,121.22,123.45,119.16,116.86,118.71,118.88,115.46,120.8
New York (NYISO),New York (NYISO),0,0,,,,,,,,,,,,,,,,,,,,,,,,,,,,,,,,,,,,,
Natural gas,Electric power sector generation by natural gas: New York (NYISO),1,1,billion kilowatthours,NGEPGEN_NY,--,--,--,--,--,--,--,--,--,--,--,--,--,--,--,--,--,--,--,--,52.71,54.49,63.12,58.39,59.27,61.41,61.65,51.74,55.55,52.36,57.13,61.37,64.95,61.91,61.39
Coal,Electric power sector generation by coal: New York (NYISO),1,1,billion kilowatthours,CLEPGEN_NY,--,--,--,--,--,--,--,--,--,--,--,--,--,--,--,--,--,--,--,--,13.21,9.06,4.24,4.39,4.28,2.08,1.44,0.56,0.68,0.42,0.14,0,0,0,0
Nuclear,Electric power sector generation by nuclear: New York (NYISO),1,1,billion kilowatthours,NUEPGEN_NY,--,--,--,--,--,--,--,--,--,--,--,--,--,--,--,--,--,--,--,--,41.87,42.7,40.77,44.76,43.04,44.6,41.57,42.17,42.92,44.87,38.43,31.18,26.81,27.9,27.35
Conventional hydropower,Electric power sector generation by conventional hydropower: New York (NYISO),1,1,billion kilowatthours,HVEPGEN_NY,--,--,--,--,--,--,--,--,--,--,--,--,--,--,--,--,--,--,--,--,25.4,27.91,24.58,24.9,26.01,25.95,26.82,30.06,29.56,30.55,29.48,28.69,27.41,26.75,27.34
Nonhydro renewables ,Electric power sector generation by non-hydropower renewables,1,1,billion kilowatthours,RNEPGEN_NY,--,--,--,--,--,--,--,--,--,--,--,--,--,--,--,--,--,--,--,--,4.45,4.56,4.72,5.41,5.95,5.86,5.88,6.15,6.03,6.52,6.93,6.77,8.2,9.46,10.98
Other energy sources ,Electric power sector generation by other energy sources: New York (NYISO),1,1,billion kilowatthours,XXEPGEN_NY,--,--,--,--,--,--,--,--,--,--,--,--,--,--,--,--,--,--,--,--,2.21,1.46,0.84,1.18,2.3,2.1,0.81,0.84,1.87,0.9,0.75,1.04,2.17,0.97,1.39
Total generation,Total electric power sector net generation: New York (NYISO),1,1,billion kilowatthours,TOEPGEN_NY,--,--,--,--,--,--,--,--,--,--,--,--,--,--,--,--,--,--,--,--,139.85,140.17,138.27,139.02,140.84,141.99,138.17,131.53,136.61,135.62,132.87,129.05,129.55,126.98,128.44
Net energy for load ,Net energy for load: New York (NYISO),1,1,billion kilowatthours,ELLOAD_NY,--,--,--,--,--,--,--,--,--,--,--,--,--,--,--,--,--,--,--,--,163.5,163.33,162.84,163.52,160.03,161.57,160.8,156.37,161.12,155.83,150.2,151.98,152.68,148.29,155.37
Mid-Atlantic (PJM),Mid-Atlantic (PJM),0,0,,,,,,,,,,,,,,,,,,,,,,,,,,,,,,,,,,,,,
Natural gas,Electric power sector generation by natural gas: Mid-Atlantic (PJM),1,1,billion kilowatthours,NGEPGEN_PJ,--,--,--,--,--,--,--,--,--,--,--,--,--,--,--,--,--,--,--,--,88.18,106.99,148.94,129.84,137.18,178.68,208.97,209.48,254.06,298.59,318.77,312.58,334.75,369.21,363.94
Coal,Electric power sector generation by coal: Mid-Atlantic (PJM),1,1,billion kilowatthours,CLEPGEN_PJ,--,--,--,--,--,--,--,--,--,--,--,--,--,--,--,--,--,--,--,--,455.38,414.78,348.1,362.79,357.22,292.1,269.44,244.69,226.51,183.29,147.95,174.69,156.8,103.11,103.4
Nuclear,Electric power sector generation by nuclear: Mid-Atlantic (PJM),1,1,billion kilowatthours,NUEPGEN_PJ,--,--,--,--,--,--,--,--,--,--,--,--,--,--,--,--,--,--,--,--,270.19,269.1,272.42,277.02,277.49,278.16,279.17,287.02,285.38,277.92,275.75,271.69,270.59,272.96,274.06
Conventional hydropower,Electric power sector generation by conventional hydropower: Mid-Atlantic (PJM),1,1,billion kilowatthours,HVEPGEN_PJ,--,--,--,--,--,--,--,--,--,--,--,--,--,--,--,--,--,--,--,--,7.73,8.93,6.78,8.01,7.31,7.54,7.9,8.35,11.87,10.23,9.37,9.77,8.58,7.92,9.01
Nonhydro renewables ,Electric power sector generation by non-hydropower renewables,1,1,billion kilowatthours,RNEPGEN_PJ,--,--,--,--,--,--,--,--,--,--,--,--,--,--,--,--,--,--,--,--,14.24,16.39,18.98,22.52,24.04,25.56,27.2,30.22,31.83,34.68,37.77,42.96,48.45,48.64,59.06
Other energy sources ,Electric power sector generation by other energy sources: Mid-Atlantic (PJM),1,1,billion kilowatthours,XXEPGEN_PJ,--,--,--,--,--,--,--,--,--,--,--,--,--,--,--,--,--,--,--,--,3.76,2.83,2.39,2.99,4.77,4.59,2.74,2.32,4,2.29,2.44,2.71,2.6,1.38,1.89
Total generation,Total electric power sector net generation: Mid-Atlantic (PJM),1,1,billion kilowatthours,TOEPGEN_PJ,--,--,--,--,--,--,--,--,--,--,--,--,--,--,--,--,--,--,--,--,839.49,819.02,797.61,803.17,808.01,786.63,795.43,782.08,813.66,807,792.04,814.39,821.77,803.21,811.35
Net energy for load ,Net energy for load: Mid-Atlantic (PJM),1,1,billion kilowatthours,ELLOAD_PJ,--,--,--,--,--,--,--,--,--,--,--,--,--,--,--,--,--,--,--,--,807.18,793.77,781.89,791.8,798.2,791.2,792.72,774.06,807.09,787.21,757.28,782.68,795.12,771.56,782.53
Southeast (SERC),Southeast (SERC),0,0,,,,,,,,,,,,,,,,,,,,,,,,,,,,,,,,,,,,,
Natural gas,Electric power sector generation by natural gas: Southeast (SERC),1,1,billion kilowatthours,NGEPGEN_SE,--,--,--,--,--,--,--,--,--,--,--,--,--,--,--,--,--,--,--,--,109.15,126.84,173.44,156.36,164.54,211.98,227.01,220.8,244.6,252.35,254.46,250.55,280.61,287.14,312.09
Coal,Electric power sector generation by coal: Southeast (SERC),1,1,billion kilowatthours,CLEPGEN_SE,--,--,--,--,--,--,--,--,--,--,--,--,--,--,--,--,--,--,--,--,361.04,318.84,264.1,255.5,275.5,230.07,215.31,190.91,185.5,159.83,118.28,137.65,125.14,103.2,92.67
Nuclear,Electric power sector generation by nuclear: Southeast (SERC),1,1,billion kilowatthours,NUEPGEN_SE,--,--,--,--,--,--,--,--,--,--,--,--,--,--,--,--,--,--,--,--,191.92,192.01,190.42,196.71,194.87,196,202.57,204.9,204.8,210.99,210.14,212.21,209.04,217.7,227.38
Conventional hydropower,Electric power sector generation by conventional hydropower: Southeast (SERC),1,1,billion kilowatthours,HVEPGEN_SE,--,--,--,--,--,--,--,--,--,--,--,--,--,--,--,--,--,--,--,--,29.09,29.07,24.05,39.7,31.14,32.4,25.62,28.77,37.18,37,46.12,36.98,32.65,31.37,37.51
Nonhydro renewables ,Electric power sector generation by non-hydropower renewables,1,1,billion kilowatthours,RNEPGEN_SE,--,--,--,--,--,--,--,--,--,--,--,--,--,--,--,--,--,--,--,--,1.74,1.98,2.43,2.96,3.98,4.44,6.73,10.09,11.47,13.4,16.66,19.09,23.35,25.33,29.53
Other energy sources ,Electric power sector generation by other energy sources: Southeast (SERC),1,1,billion kilowatthours,XXEPGEN_SE,--,--,--,--,--,--,--,--,--,--,--,--,--,--,--,--,--,--,--,--,-0.89,-1.39,-1.11,-0.42,-0.61,-0.87,-1.63,-2.05,-0.13,-1.28,-1.13,-1,-1.22,-1.37,-1.76
Total generation,Total electric power sector net generation: Southeast (SERC),1,1,billion kilowatthours,TOEPGEN_SE,--,--,--,--,--,--,--,--,--,--,--,--,--,--,--,--,--,--,--,--,692.06,667.35,653.32,650.8,669.42,674.02,675.61,653.41,683.43,672.3,644.54,655.47,669.57,663.37,697.42
Net energy for load ,Net energy for load: Southeast (SERC),1,1,billion kilowatthours,ELLOAD_SE,--,--,--,--,--,--,--,--,--,--,--,--,--,--,--,--,--,--,--,--,657.76,631.17,619.12,616.61,628.24,622.33,625.42,608.51,638.64,627.52,599.42,621.07,636.74,623.9,655.89
Florida (FRCC),Florida (FRCC),0,0,,,,,,,,,,,,,,,,,,,,,,,,,,,,,,,,,,,,,
Natural gas,Electric power sector generation by natural gas: Florida (FRCC),1,1,billion kilowatthours,NGEPGEN_FL,--,--,--,--,--,--,--,--,--,--,--,--,--,--,--,--,--,--,--,--,124.17,130.66,143.17,133.51,134.58,150.06,151.97,154.38,164.84,174.9,180.79,173.74,185,191.18,182.57
Coal,Electric power sector generation by coal: Florida (FRCC),1,1,billion kilowatthours,CLEPGEN_FL,--,--,--,--,--,--,--,--,--,--,--,--,--,--,--,--,--,--,--,--,52.85,46.51,40.81,42.5,47.4,39.85,36.62,34.4,27.05,18.63,15.85,18.34,15.5,10.86,7.5
Nuclear,Electric power sector generation by nuclear: Florida (FRCC),1,1,billion kilowatthours,NUEPGEN_FL,--,--,--,--,--,--,--,--,--,--,--,--,--,--,--,--,--,--,--,--,23.94,22.02,17.87,26.53,27.87,28.12,29.32,29.15,29.31,29.11,29.42,29.51,30.77,30.21,30
Conventional hydropower,Electric power sector generation by conventional hydropower: Florida (FRCC),1,1,billion kilowatthours,HVEPGEN_FL,--,--,--,--,--,--,--,--,--,--,--,--,--,--,--,--,--,--,--,--,0.18,0.18,0.15,0.25,0.21,0.24,0.17,0.22,0.23,0.21,0.23,0.25,0.23,0.2,0.19
Nonhydro renewables ,Electric power sector generation by non-hydropower renewables,1,1,billion kilowatthours,RNEPGEN_FL,--,--,--,--,--,--,--,--,--,--,--,--,--,--,--,--,--,--,--,--,2.43,2.48,2.43,2.41,3,2.9,2.71,3.72,5.2,6.13,8.28,10.82,12.85,14.66,19.43
Other energy sources ,Electric power sector generation by other energy sources: Florida (FRCC),1,1,billion kilowatthours,XXEPGEN_FL,--,--,--,--,--,--,--,--,--,--,--,--,--,--,--,--,--,--,--,--,10.3,4.69,2.76,3.91,3.11,3.48,4.23,2.88,3.55,3.14,3.26,2.58,2.64,2.54,2.52
Total generation,Total electric power sector net generation: Florida (FRCC),1,1,billion kilowatthours,TOEPGEN_FL,--,--,--,--,--,--,--,--,--,--,--,--,--,--,--,--,--,--,--,--,213.86,206.54,207.19,209.11,216.17,224.66,225.02,224.75,230.18,232.12,237.84,235.24,246.99,249.66,242.21
Net energy for load ,Net energy for load: Florida (FRCC),1,1,billion kilowatthours,ELLOAD_FL,--,--,--,--,--,--,--,--,--,--,--,--,--,--,--,--,--,--,--,--,230.4,219.16,216.69,217.35,220.53,231.22,229.13,227.96,233.01,235.41,239.95,237.02,247.53,252.05,244.17
Midcontinent ISO (MISO),Midcontinent ISO (MISO),0,0,,,,,,,,,,,,,,,,,,,,,,,,,,,,,,,,,,,,,
Natural gas,Electric power sector generation by natural gas: Midcontinent ISO (MISO),1,1,billion kilowatthours,NGEPGEN_MW,--,--,--,--,--,--,--,--,--,--,--,--,--,--,--,--,--,--,--,--,89.77,94.09,126.09,95.93,91.54,130.39,148.63,129.86,148.6,165.63,172.53,158.94,184.11,213.38,215.78
Coal,Electric power sector generation by coal: Midcontinent ISO (MISO),1,1,billion kilowatthours,CLEPGEN_MW,--,--,--,--,--,--,--,--,--,--,--,--,--,--,--,--,--,--,--,--,424.67,409.7,365.48,387.86,386.3,337.25,302.6,310.67,322.06,260.89,205.31,253.61,225.82,174.38,175.41
Nuclear,Electric power sector generation by nuclear: Midcontinent ISO (MISO),1,1,billion kilowatthours,NUEPGEN_MW,--,--,--,--,--,--,--,--,--,--,--,--,--,--,--,--,--,--,--,--,106.1,103.45,99.43,96.67,100.31,100.9,99.72,95.67,98.29,102.26,95.11,95.69,91.35,88.51,93.54
Conventional hydropower,Electric power sector generation by conventional hydropower: Midcontinent ISO (MISO),1,1,billion kilowatthours,HVEPGEN_MW,--,--,--,--,--,--,--,--,--,--,--,--,--,--,--,--,--,--,--,--,8.48,7.49,6.07,7.53,8.09,8.77,10.39,10.1,9.16,10.86,11.1,10.03,10.27,8.63,9.88
Nonhydro renewables ,Electric power sector generation by non-hydropower renewables,1,1,billion kilowatthours,RNEPGEN_MW,--,--,--,--,--,--,--,--,--,--,--,--,--,--,--,--,--,--,--,--,25.14,31.02,37.36,42.02,45.74,49,52.69,58.67,57.12,63.13,77.39,89.01,109.38,112.5,125.83
Other energy sources ,Electric power sector generation by other energy sources: Midcontinent ISO (MISO),1,1,billion kilowatthours,XXEPGEN_MW,--,--,--,--,--,--,--,--,--,--,--,--,--,--,--,--,--,--,--,--,6.69,8.36,6.04,9.41,9.42,8.57,8.77,7.6,7.12,5.97,5.2,6.76,6.11,4.71,5.66
Total generation,Total electric power sector net generation: Midcontinent ISO (MISO),1,1,billion kilowatthours,TOEPGEN_MW,--,--,--,--,--,--,--,--,--,--,--,--,--,--,--,--,--,--,--,--,660.86,654.11,640.48,639.42,641.41,634.88,622.8,612.56,642.35,608.75,566.64,614.04,627.03,602.11,626.11
Net energy for load ,Net energy for load: Midcontinent ISO (MISO),1,1,billion kilowatthours,ELLOAD_MW,--,--,--,--,--,--,--,--,--,--,--,--,--,--,--,--,--,--,--,--,653.45,666.67,663.5,666.97,677.47,667.76,666.67,657.11,683.66,667.86,639.83,660.14,671.77,663.84,673.4
,,,,,,,,,,,,,,,,,,,,,,,,,,,,,,,,,,,,,,,,
Southwest Power Pool (SPP),Southwest Power Pool (SPP),0,0,,,,,,,,,,,,,,,,,,,,,,,,,,,,,,,,,,,,,
Natural gas,Electric power sector generation by natural gas: Southwest Power Pool (SPP),1,1,billion kilowatthours,NGEPGEN_SP,--,--,--,--,--,--,--,--,--,--,--,--,--,--,--,--,--,--,--,--,57.31,59.26,67.09,54.26,48.83,57.74,66.64,51.8,73.35,81.9,80.32,61.35,68.98,79.31,74.05
Coal,Electric power sector generation by coal: Southwest Power Pool (SPP),1,1,billion kilowatthours,CLEPGEN_SP,--,--,--,--,--,--,--,--,--,--,--,--,--,--,--,--,--,--,--,--,166.01,171.85,161.01,171.21,162.48,143.14,129.15,132.14,120.05,98.93,83.86,98.74,106.29,84,79.86
Nuclear,Electric power sector generation by nuclear: Southwest Power Pool (SPP),1,1,billion kilowatthours,NUEPGEN_SP,--,--,--,--,--,--,--,--,--,--,--,--,--,--,--,--,--,--,--,--,20.61,14.25,14.09,14.03,18.66,18.95,17.6,17.56,14.8,16.2,16.77,15.46,14.6,17.2,15.08
Conventional hydropower,Electric power sector generation by conventional hydropower: Southwest Power Pool (SPP),1,1,billion kilowatthours,HVEPGEN_SP,--,--,--,--,--,--,--,--,--,--,--,--,--,--,--,--,--,--,--,--,14.82,15.3,12.78,11.45,12.74,14.79,13.31,14.21,15.55,20.59,16.88,14.59,14.57,12.21,14.37
Nonhydro renewables ,Electric power sector generation by non-hydropower renewables,1,1,billion kilowatthours,RNEPGEN_SP,--,--,--,--,--,--,--,--,--,--,--,--,--,--,--,--,--,--,--,--,12.7,16.81,21.82,30.45,34.21,39.13,52,61.81,71.49,78.54,86.46,98.57,110.21,111.24,114.45
Other energy sources ,Electric power sector generation by other energy sources: Southwest Power Pool (SPP),1,1,billion kilowatthours,XXEPGEN_SP,--,--,--,--,--,--,--,--,--,--,--,--,--,--,--,--,--,--,--,--,1.49,1.29,1.14,1.45,1.15,1.57,1.34,0.86,1.22,1.4,1,1.41,1.33,0.87,0.9
Total generation,Total electric power sector net generation: Southwest Power Pool (SPP),1,1,billion kilowatthours,TOEPGEN_SP,--,--,--,--,--,--,--,--,--,--,--,--,--,--,--,--,--,--,--,--,272.94,278.77,277.93,282.84,278.07,275.33,280.04,278.39,296.45,297.56,285.29,290.12,315.98,304.83,298.72
Net energy for load ,Net energy for load: Southwest Power Pool (SPP),1,1,billion kilowatthours,ELLOAD_SP,--,--,--,--,--,--,--,--,--,--,--,--,--,--,--,--,--,--,--,--,254.72,257.86,254.58,246.96,245.68,257.91,259.3,257.4,272.05,270.49,262.07,268.72,282.81,277.68,273.6
Texas (ERCOT),Texas (ERCOT),0,0,,,,,,,,,,,,,,,,,,,,,,,,,,,,,,,,,,,,,
Natural gas,Electric power sector generation by natural gas: Texas (ERCOT),1,1,billion kilowatthours,NGEPGEN_TX,--,--,--,--,--,--,--,--,--,--,--,--,--,--,--,--,--,--,--,--,124.1,134.09,144.31,135.75,138.62,168.51,155.42,141.66,166.77,181.74,174.09,164.11,181.88,200.51,174.71
Coal,Electric power sector generation by coal: Texas (ERCOT),1,1,billion kilowatthours,CLEPGEN_TX,--,--,--,--,--,--,--,--,--,--,--,--,--,--,--,--,--,--,--,--,113.36,125.4,106.68,118,119.57,96.58,98.52,113.38,87.39,72.83,64.78,72.18,71.22,56.26,49.86
Nuclear,Electric power sector generation by nuclear: Texas (ERCOT),1,1,billion kilowatthours,NUEPGEN_TX,--,--,--,--,--,--,--,--,--,--,--,--,--,--,--,--,--,--,--,--,41.34,39.65,38.44,38.31,39.29,39.35,42.08,38.58,41.19,41.3,41.44,40.21,41.61,40.64,40.77
Conventional hydropower,Electric power sector generation by conventional hydropower: Texas (ERCOT),1,1,billion kilowatthours,HVEPGEN_TX,--,--,--,--,--,--,--,--,--,--,--,--,--,--,--,--,--,--,--,--,0.95,0.53,0.44,0.31,0.23,0.56,1.05,0.84,0.81,0.85,0.62,0.53,0.47,0.46,0.6
Nonhydro renewables ,Electric power sector generation by non-hydropower renewables,1,1,billion kilowatthours,RNEPGEN_TX,--,--,--,--,--,--,--,--,--,--,--,--,--,--,--,--,--,--,--,--,24.28,28.42,29.94,32.63,36.67,39.4,51.84,63.79,71.12,78.89,90.71,104.76,127.37,135.26,165.04
Other energy sources ,Electric power sector generation by other energy sources: Texas (ERCOT),1,1,billion kilowatthours,XXEPGEN_TX,--,--,--,--,--,--,--,--,--,--,--,--,--,--,--,--,--,--,--,--,2.04,2.55,1.6,1.46,1.01,1.3,1.29,1.41,1.33,1.63,1.53,1.45,1.53,1.34,1
Total generation,Total electric power sector net generation: Texas (ERCOT),1,1,billion kilowatthours,TOEPGEN_TX,--,--,--,--,--,--,--,--,--,--,--,--,--,--,--,--,--,--,--,--,306.06,330.65,321.4,326.46,335.4,345.7,350.21,359.66,368.6,377.24,373.17,383.23,424.07,434.47,431.99
Net energy for load ,Net energy for load: Texas (ERCOT),1,1,billion kilowatthours,ELLOAD_TX,--,--,--,--,--,--,--,--,--,--,--,--,--,--,--,--,--,--,--,--,319.1,335.11,327.05,332.8,341.35,347.5,351.4,357.26,376.24,383.85,381.78,392.7,429.88,436.08,431.99
remove,,map,linechart,units,source key,1990,1991,1992,1993,1994,1995,1996,1997,1998,1999,2000,2001,2002,2003,2004,2005,2006,2007,2008,2009,2010,2011,2012,2013,2014,2015,2016,2017,2018,2019,2020,2021,2022,2023,2024
Northwest and Rockies,Northwest and Rockies,0,0,,,,,,,,,,,,,,,,,,,,,,,,,,,,,,,,,,,,,
Natural gas,Electric power sector generation by natural gas: Northwest and Rockies,1,1,billion kilowatthours,NGEPGEN_NW,--,--,--,--,--,--,--,--,--,--,--,--,--,--,--,--,--,--,--,--,65.87,49.11,59.13,68.48,68.07,79.84,78.77,72.86,83.17,92.85,91.37,94.35,88.12,98.04,79.1
Coal,Electric power sector generation by coal: Northwest and Rockies,1,1,billion kilowatthours,CLEPGEN_NW,--,--,--,--,--,--,--,--,--,--,--,--,--,--,--,--,--,--,--,--,143.2,129.67,129.6,138.66,134.66,127.57,116.21,110.47,116.25,114.9,94.54,98.23,88.78,77.54,69.28
Nuclear,Electric power sector generation by nuclear: Northwest and Rockies,1,1,billion kilowatthours,NUEPGEN_NW,--,--,--,--,--,--,--,--,--,--,--,--,--,--,--,--,--,--,--,--,9.24,4.81,9.33,8.46,9.5,8.16,9.63,8.13,9.71,8.87,9.43,8.51,9.85,8.41,9.7
Conventional hydropower,Electric power sector generation by conventional hydropower: Northwest and Rockies,1,1,billion kilowatthours,HVEPGEN_NW,--,--,--,--,--,--,--,--,--,--,--,--,--,--,--,--,--,--,--,--,121.21,165.36,154.86,132.19,138.86,126.91,136.15,147.06,142.92,120.83,132.6,119.5,135.2,109.26,133.5
Nonhydro renewables ,Electric power sector generation by non-hydropower renewables,1,1,billion kilowatthours,RNEPGEN_NW,--,--,--,--,--,--,--,--,--,--,--,--,--,--,--,--,--,--,--,--,20.37,27.04,30.5,35.47,37.1,35.24,41.98,43.72,46.45,46.06,56.85,65.84,73.63,77.83,86.31
Other energy sources ,Electric power sector generation by other energy sources: Northwest and Rockies,1,1,billion kilowatthours,XXEPGEN_NW,--,--,--,--,--,--,--,--,--,--,--,--,--,--,--,--,--,--,--,--,0.52,0.47,0.49,0.41,0.37,0.39,0.4,0.8,0.51,0.13,-0.02,0.73,0.75,0.6,0.61
Total generation,Total electric power sector net generation: Northwest and Rockies,1,1,billion kilowatthours,TOEPGEN_NW,--,--,--,--,--,--,--,--,--,--,--,--,--,--,--,--,--,--,--,--,360.42,376.45,383.91,383.66,388.56,378.11,383.13,383.05,399.01,383.64,384.78,387.16,396.34,371.69,378.5
Net energy for load ,Net energy for load: Northwest and Rockies,1,1,billion kilowatthours,ELLOAD_NW,--,--,--,--,--,--,--,--,--,--,--,--,--,--,--,--,--,--,--,--,294.13,302.23,301.77,305.86,302.04,315.47,312.96,321.93,322.16,323.18,318.27,324.56,336.14,336.16,329.26
,,,,,,,,,,,,,,,,,,,,,,,,,,,,,,,,,,,,,,,,
,,,,,,,,,,,,,,,,,,,,,,,,,,,,,,,,,,,,,185.34,208.83,187.09,219.81
,,,,,,,,,,,,,,,,,,,,,,,,,,,,,,,,,,,,,0.47871681,0.526896099,0.503349565,0.580739762
,,,,,,,,,,,,,,,,,,,,,,,,,,,,,,,,,,,,,,,,
Southwest,Southwest,0,0,,,,,,,,,,,,,,,,,,,,,,,,,,,,,,,,,,,,,
Natural gas,Electric power sector generation by natural gas: Southwest,1,1,billion kilowatthours,NGEPGEN_SW,--,--,--,--,--,--,--,--,--,--,--,--,--,--,--,--,--,--,--,--,35.97,29.99,37.61,37.8,35.28,41.35,42.12,37.64,47.34,56.22,60.98,57.71,55.78,66.22,62.96
Coal,Electric power sector generation by coal: Southwest,1,1,billion kilowatthours,CLEPGEN_SW,--,--,--,--,--,--,--,--,--,--,--,--,--,--,--,--,--,--,--,--,67.3,68.91,63.81,66.13,61.63,55.24,47.47,48.71,45.32,39.11,28.32,29.17,26.74,20.2,19.57
Nuclear,Electric power sector generation by nuclear: Southwest,1,1,billion kilowatthours,NUEPGEN_SW,--,--,--,--,--,--,--,--,--,--,--,--,--,--,--,--,--,--,--,--,31.2,31.28,31.93,31.43,32.32,32.53,32.38,32.34,31.1,31.92,31.55,31.63,31.94,31.32,32
Conventional hydropower,Electric power sector generation by conventional hydropower: Southwest,1,1,billion kilowatthours,HVEPGEN_SW,--,--,--,--,--,--,--,--,--,--,--,--,--,--,--,--,--,--,--,--,8.98,11.57,9.37,8.78,8.71,9.02,9.15,8.72,8.93,8.59,8.5,8.11,7.36,7.72,7.45
Nonhydro renewables ,Electric power sector generation by non-hydropower renewables,1,1,billion kilowatthours,RNEPGEN_SW,--,--,--,--,--,--,--,--,--,--,--,--,--,--,--,--,--,--,--,--,5.78,6.22,7.17,8.05,9.22,9.66,10.19,11.82,13.76,14.95,15.91,18.95,23.56,25.28,31.8
Other energy sources ,Electric power sector generation by other energy sources: Southwest,1,1,billion kilowatthours,XXEPGEN_SW,--,--,--,--,--,--,--,--,--,--,--,--,--,--,--,--,--,--,--,--,0.35,0.23,0.19,0.13,0.14,0.19,0.16,0.05,0.06,0.24,0.13,0.17,0.15,0.17,0.1
Total generation,Total electric power sector net generation: Southwest,1,1,billion kilowatthours,TOEPGEN_SW,--,--,--,--,--,--,--,--,--,--,--,--,--,--,--,--,--,--,--,--,149.57,148.19,150.09,152.32,147.29,147.97,141.47,139.28,146.51,151.04,145.4,145.73,145.53,150.91,153.89
Net energy for load ,Net energy for load: Southwest,1,1,billion kilowatthours,ELLOAD_SW,--,--,--,--,--,--,--,--,--,--,--,--,--,--,--,--,--,--,--,--,125.5,128.69,131.18,127.39,127.97,126.77,125.67,125.84,127,125.44,129.72,130.03,132.43,136.56,137.58
,,,,,,,,,,,,,,,,,,,,,,,,,,,,,,,,,,,,,,,,
California,California,0,0,,,,,,,,,,,,,,,,,,,,,,,,,,,,,,,,,,,,,
Natural gas,Electric power sector generation by natural gas: California,1,1,billion kilowatthours,NGEPGEN_CA,--,--,--,--,--,--,--,--,--,--,--,--,--,--,--,--,--,--,--,--,95.35,76.79,107.22,106.7,106.73,103.93,84.59,75.83,78.35,74.03,80.18,85.48,85.87,80.17,72.73
Coal,Electric power sector generation by coal: California,1,1,billion kilowatthours,CLEPGEN_CA,--,--,--,--,--,--,--,--,--,--,--,--,--,--,--,--,--,--,--,--,14.81,14.6,10.76,12.85,12.86,11.41,8.39,8.39,8.48,7.54,6.74,7.56,5.5,5.4,5.31
Nuclear,Electric power sector generation by nuclear: California,1,1,billion kilowatthours,NUEPGEN_CA,--,--,--,--,--,--,--,--,--,--,--,--,--,--,--,--,--,--,--,--,32.2,36.66,18.51,17.91,16.99,18.51,18.91,17.9,18.21,16.17,16.26,16.48,17.59,18.41,17.78
Conventional hydropower,Electric power sector generation by conventional hydropower: California,1,1,billion kilowatthours,HVEPGEN_CA,--,--,--,--,--,--,--,--,--,--,--,--,--,--,--,--,--,--,--,--,32.86,41.85,26.22,23.24,16.03,13.33,28.36,41.8,25.91,37.81,20.91,14.2,16.85,33.58,31.97
Nonhydro renewables ,Electric power sector generation by non-hydropower renewables,1,1,billion kilowatthours,RNEPGEN_CA,--,--,--,--,--,--,--,--,--,--,--,--,--,--,--,--,--,--,--,--,20.93,22.42,25.7,31.4,38.22,42.19,47.92,53.04,56.86,56.89,59.51,65.57,71.15,70.49,77.74
Other energy sources ,Electric power sector generation by other energy sources: California,1,1,billion kilowatthours,XXEPGEN_CA,--,--,--,--,--,--,--,--,--,--,--,--,--,--,--,--,--,--,--,--,1.14,1.07,0.94,0.48,0.18,0.38,-0.03,0.67,0.05,0.19,0.17,-0.24,-0.24,-0.72,-1.39
Total generation,Total electric power sector net generation: California,1,1,billion kilowatthours,TOEPGEN_CA,--,--,--,--,--,--,--,--,--,--,--,--,--,--,--,--,--,--,--,--,197.3,193.39,189.35,192.59,191.01,189.74,188.14,197.63,187.87,192.62,183.77,189.05,196.72,207.33,204.14
Net energy for load ,Net energy for load: California,1,1,billion kilowatthours,ELLOAD_CA,--,--,--,--,--,--,--,--,--,--,--,--,--,--,--,--,--,--,--,--,272.92,275.24,280.89,278.45,276.71,277.92,275.37,278.01,269.6,261.32,262.88,263.33,268.43,261.59,269.69
